{"listCount":227,"apiRequestCount":2,"pathCount":4,"0x5CEeBB0947d58Fabde2fc026Ffe4B33ccFE1bA8B":{"path":["0x282d8efce846a88b159800bd4130ad77443fa1a1","0x0d500b1d8e8ef31e21c99d1db9a6444d3adf1270","0x5ceebb0947d58fabde2fc026ffe4b33ccfe1ba8b"],"amts":["214713.1174078147233414055","0.0000015131124149505","4019698.4053531895"]}}