{"listCount":227,"apiRequestCount":14,"pathCount":9,"0x5CEeBB0947d58Fabde2fc026Ffe4B33ccFE1bA8B":{"path":["0x282d8efce846a88b159800bd4130ad77443fa1a1","0x0d500b1d8e8ef31e21c99d1db9a6444d3adf1270","0x5ceebb0947d58fabde2fc026ffe4b33ccfe1ba8b"],"amts":["216506.7880996517599449785","0.0000015131124149505","4019698.4053531895"]},"0xD6DF932A45C0f255f85145f286eA0b292B21C90B":{"path":["0x282d8efce846a88b159800bd4130ad77443fa1a1","0x0d500b1d8e8ef31e21c99d1db9a6444d3adf1270","0xd6df932a45c0f255f85145f286ea0b292b21c90b"],"amts":["216506.7880996517599449785","0.0000015131124149505","541.787341710759212582"]},"0xc3FdbadC7c795EF1D6Ba111e06fF8F16A20Ea539":{"path":["0x282d8efce846a88b159800bd4130ad77443fa1a1","0x0d500b1d8e8ef31e21c99d1db9a6444d3adf1270","0xc3fdbadc7c795ef1d6ba111e06ff8f16a20ea539"],"amts":["216506.7880996517599449785","0.0000015131124149505","429376.222570611606466162"]},"0x598e49f01bEfeB1753737934a5b11fea9119C796":{"path":["0x282d8efce846a88b159800bd4130ad77443fa1a1","0x831753dd7087cac61ab5644b308642cc1c33dc13","0x598e49f01befeb1753737934a5b11fea9119c796"],"amts":["0.001064201322718772","2513.6462213466752008285","27.00633565467"]},"0xE0B52e49357Fd4DAf2c15e02058DCE6BC0057db4":{"path":["0x282d8efce846a88b159800bd4130ad77443fa1a1","0x0d500b1d8e8ef31e21c99d1db9a6444d3adf1270","0xe0b52e49357fd4daf2c15e02058dce6bc0057db4"],"amts":["216506.7880996517599449785","0.0000015131124149505","49389.3409639571267164205"]},"0xf14fbC6B30e2c4BC05A1D4fbE34bf9f14313309D":{"path":["0x282d8efce846a88b159800bd4130ad77443fa1a1","0x0d500b1d8e8ef31e21c99d1db9a6444d3adf1270","0xf14fbc6b30e2c4bc05a1d4fbe34bf9f14313309d"],"amts":["216506.7880996517599449785","0.0000015131124149505","8434.302387"]},"0xa8fcEe762642f156b5D757b6FabC36E06b6d4A1A":{"path":["0x282d8efce846a88b159800bd4130ad77443fa1a1","0x0d500b1d8e8ef31e21c99d1db9a6444d3adf1270","0xa8fcee762642f156b5d757b6fabc36e06b6d4a1a"],"amts":["216506.7880996517599449785","0.0000015131124149505","376181.3718920317751751505"]}}