{
  "listCount": 227,
  "apiRequestCount": 4,
  "pathCount": 4,
  "0x5ceebb0947d58fabde2fc026ffe4b33ccfe1ba8b": {
    "path": ["0x282d8efce846a88b159800bd4130ad77443fa1a1", "0x0d500b1d8e8ef31e21c99d1db9a6444d3adf1270", "0x5ceebb0947d58fabde2fc026ffe4b33ccfe1ba8b"],
    "amts": ["201664.965449581606275945", "0.0000015131124149505", "4088938.893365067"]
  },
  "0xd6df932a45c0f255f85145f286ea0b292b21c90b": {
    "path": ["0x282d8efce846a88b159800bd4130ad77443fa1a1", "0x0d500b1d8e8ef31e21c99d1db9a6444d3adf1270", "0xd6df932a45c0f255f85145f286ea0b292b21c90b"],
    "amts": ["201664.965449581606275945", "0.0000015131124149505", "503.0861317120485429645"]
  }
}
