{"listCount":227,"apiRequestCount":8,"pathCount":6,"0x5CEeBB0947d58Fabde2fc026Ffe4B33ccFE1bA8B":{"path":["0x5ceebb0947d58fabde2fc026ffe4b33ccfe1ba8b","0x0d500b1d8e8ef31e21c99d1db9a6444d3adf1270","0x282d8efce846a88b159800bd4130ad77443fa1a1"],"amts":["4016694.6669012105","0.0000015131124149505","206907.906710922598739235"]},"0xD6DF932A45C0f255f85145f286eA0b292B21C90B":{"path":["0xd6df932a45c0f255f85145f286ea0b292b21c90b","0x0d500b1d8e8ef31e21c99d1db9a6444d3adf1270","0x282d8efce846a88b159800bd4130ad77443fa1a1"],"amts":["534.4523095998965207025","0.0000015131124149505","206907.906710922598739235"]},"0xc3FdbadC7c795EF1D6Ba111e06fF8F16A20Ea539":{"path":["0xc3fdbadc7c795ef1d6ba111e06ff8f16a20ea539","0x0d500b1d8e8ef31e21c99d1db9a6444d3adf1270","0x282d8efce846a88b159800bd4130ad77443fa1a1"],"amts":["429690.598656785669766283","0.0000015131124149505","206907.906710922598739235"]},"0x598e49f01bEfeB1753737934a5b11fea9119C796":{"path":["0x598e49f01befeb1753737934a5b11fea9119c796","0x831753dd7087cac61ab5644b308642cc1c33dc13","0x282d8efce846a88b159800bd4130ad77443fa1a1"],"amts":["27.188556957185","2507.2415450098203931545","0.001064201322718772"]}}